COUNTRY,ISO3,WHO_REGION,DATA_SOURCE,DATE_UPDATED,TOTAL_VACCINATIONS,PERSONS_VACCINATED_1PLUS_DOSE,TOTAL_VACCINATIONS_PER100,PERSONS_VACCINATED_1PLUS_DOSE_PER100,PERSONS_FULLY_VACCINATED,PERSONS_FULLY_VACCINATED_PER100,VACCINES_USED,FIRST_VACCINE_DATE,NUMBER_VACCINES_TYPES_USED,PERSONS_BOOSTER_ADD_DOSE,PERSONS_BOOSTER_ADD_DOSE_PER100
Afghanistan,AFG,EMRO,REPORTING,11/2/2022,12140367,11165700,31.186,28.683,10458947,26.867,"AstraZeneca - Vaxzevria,Beijing CNBG - BBIBP-CorV,Bharat - Covaxin,CanSino - Convidecia,Gamaleya - Gam-Covid-Vac,Gamaleya - Sputnik-Light,Janssen - Ad26.COV 2-S,Moderna - Spikevax,Pfizer BioNTech - Comirnaty,SII - Covishield,Sinovac - CoronaVac",2/22/2021,11,,
Albania,ALB,EURO,REPORTING,10/16/2022,2991576,1339100,104,47.053,1265900,44.481,"AstraZeneca - Vaxzevria,Gamaleya - Gam-Covid-Vac,Pfizer BioNTech - Comirnaty,SII - Covishield,Sinovac - CoronaVac",1/13/2021,5,363122,12.759
Algeria,DZA,AFRO,REPORTING,9/4/2022,15267442,7840131,34.817,17.879,6481186,14.78,"Beijing CNBG - BBIBP-CorV,Gamaleya - Gam-Covid-Vac,SII - Covishield,Sinovac - CoronaVac",1/30/2021,4,575651,1.313
American Samoa,ASM,WPRO,REPORTING,8/23/2022,111316,44885,201.67,81.318,41423,75.046,"Janssen - Ad26.COV 2-S,Moderna - Spikevax,Pfizer BioNTech - Comirnaty",12/21/2020,3,24160,43.77
Andorra,AND,EURO,REPORTING,10/16/2022,154320,57898,199.7,76.005,53482,70.208,"AstraZeneca - Vaxzevria,Moderna - Spikevax,Pfizer BioNTech - Comirnaty",1/20/2021,3,42940,56.369
Angola,AGO,AFRO,REPORTING,10/30/2022,22990789,14220830,69.953,43.269,7814121,23.776,SII - Covishield,3/10/2021,1,1127156,3.43
Anguilla,AIA,AMRO,REPORTING,10/28/2022,24434,10852,162.872,72.337,10366,69.097,"AstraZeneca - Vaxzevria,Pfizer BioNTech - Comirnaty",2/5/2021,2,2998,19.984
Antigua and Barbuda,ATG,AMRO,REPORTING,10/28/2022,136512,64290,139.399,65.65,62384,63.703,"AstraZeneca - Vaxzevria,Beijing CNBG - BBIBP-CorV,Gamaleya - Gam-Covid-Vac,Janssen - Ad26.COV 2-S,Pfizer BioNTech - Comirnaty,SII - Covishield",3/1/2021,6,9838,10.046
Argentina,ARG,AMRO,REPORTING,10/7/2022,109652736,41324100,242.617,91.434,37840119,83.725,"AstraZeneca - Vaxzevria,Beijing CNBG - BBIBP-CorV,CanSino - Convidecia,Gamaleya - Gam-Covid-Vac,Moderna - Spikevax,Pfizer BioNTech - Comirnaty,SII - Covishield",12/29/2020,7,30810184,68.17
Armenia,ARM,EURO,REPORTING,5/22/2022,2150112,1129669,72.6,38.123,985807,33.268,"AstraZeneca - Vaxzevria,Beijing CNBG - BBIBP-CorV,Gamaleya - Gam-Covid-Vac,Gamaleya - Sputnik-Light,Moderna - Spikevax,Pfizer BioNTech - Comirnaty,Sinovac - CoronaVac,Wuhan CNBG - Inactivated",6/16/2021,8,40725,1.374
Aruba,ABW,AMRO,REPORTING,10/28/2022,173723,89961,162.714,84.26,83762,78.454,"Janssen - Ad26.COV 2-S,Pfizer BioNTech - Comirnaty",2/17/2021,2,,
Australia,AUS,WPRO,REPORTING,9/28/2022,63461493,22443557,248.87,88.014,21784904,85.431,"AstraZeneca - Vaxzevria,Janssen - Ad26.COV 2-S,Moderna - Spikevax,Novavax-NUVAXOVID,Pfizer BioNTech - Comirnaty",2/21/2021,5,14265648,55.944
Austria,AUT,EURO,REPORTING,10/16/2022,19596170,6889593,220.2,77.507,6671600,74.953,"AstraZeneca - Vaxzevria,Janssen - Ad26.COV 2-S,Moderna - Spikevax,Novavax-NUVAXOVID,Pfizer BioNTech - Comirnaty,Unknown Vaccine",12/30/2020,6,5359031,60.207
Azerbaijan,AZE,EURO,REPORTING,10/16/2022,13763859,5410598,135.7,53.363,4873700,48.068,"AstraZeneca - Vaxzevria,Gamaleya - Gam-Covid-Vac,Gamaleya - Sputnik-Light,Pfizer BioNTech - Comirnaty,Sinovac - CoronaVac",1/20/2021,5,3479563,34.318
Bahamas,BHS,AMRO,REPORTING,10/28/2022,362968,173529,92.301,44.128,165317,42.039,"AstraZeneca - Vaxzevria,Janssen - Ad26.COV 2-S,Pfizer BioNTech - Comirnaty,SII - Covishield",3/14/2021,4,32960,8.382
Bahrain,BHR,EMRO,REPORTING,11/2/2022,3473923,1240911,204.159,72.927,1226421,72.076,"AstraZeneca - Vaxzevria,Beijing CNBG - BBIBP-CorV,Bharat - Covaxin,CanSino - Convidecia,Gamaleya - Gam-Covid-Vac,Gamaleya - Sputnik-Light,Janssen - Ad26.COV 2-S,Moderna - Spikevax,Pfizer BioNTech - Comirnaty,SII - Covishield,Sinovac - CoronaVac",11/4/2020,11,1006591,59.156
Bangladesh,BGD,SEARO,REPORTING,10/31/2022,321135933,139094638,194.995,84.459,124138382,75.377,"AstraZeneca - Vaxzevria,Beijing CNBG - BBIBP-CorV,Gamaleya - Gam-Covid-Vac,Janssen - Ad26.COV 2-S,Moderna - Spikevax,Pfizer BioNTech - Comirnaty,SII - Covishield,Sinovac - CoronaVac",1/27/2021,8,57902913,35.159
Barbados,BRB,AMRO,REPORTING,10/28/2022,380666,163707,132.463,56.966,154789,53.863,"AstraZeneca - Vaxzevria,Beijing CNBG - BBIBP-CorV,Janssen - Ad26.COV 2-S,Pfizer BioNTech - Comirnaty,SII - Covishield",1/8/2021,5,62170,21.634
Belarus,BLR,EURO,REPORTING,10/16/2022,16102869,6512843,170.4,68.924,6407148,67.805,"Beijing CNBG - BBIBP-CorV,Chumakov - Covi-Vac,Gamaleya - Gam-Covid-Vac,Gamaleya - Sputnik-Light",2/3/2021,4,3414776,36.138
Belgium,BEL,EURO,REPORTING,10/16/2022,28259334,9248836,245.3,80.268,9152369,79.431,"AstraZeneca - Vaxzevria,Janssen - Ad26.COV 2-S,Moderna - Spikevax,Pfizer BioNTech - Comirnaty",12/30/2020,4,7222211,62.68
Belize,BLZ,AMRO,REPORTING,10/28/2022,501313,251358,126.076,63.214,220794,55.528,"AstraZeneca - Vaxzevria,Beijing CNBG - BBIBP-CorV,Janssen - Ad26.COV 2-S,Pfizer BioNTech - Comirnaty,SII - Covishield",3/1/2021,5,51014,12.83
Benin,BEN,AFRO,REPORTING,10/16/2022,3693045,3207889,30.463,26.461,2691413,22.201,"AstraZeneca - Vaxzevria,Janssen - Ad26.COV 2-S,Pfizer BioNTech - Comirnaty,SII - Covishield,Sinovac - CoronaVac",3/29/2021,5,,
Bermuda,BMU,AMRO,REPORTING,10/28/2022,132042,48554,212.037,77.97,47657,76.529,"AstraZeneca - Vaxzevria,Pfizer BioNTech - Comirnaty",1/11/2021,2,31829,51.112
Bhutan,BTN,SEARO,REPORTING,10/30/2022,2011426,699116,260.68,90.605,677669,87.826,"AstraZeneca - Vaxzevria,Beijing CNBG - BBIBP-CorV,Moderna - Spikevax,Pfizer BioNTech - Comirnaty,SII - Covishield",3/27/2021,5,634641,82.249
Bolivia (Plurinational State of),BOL,AMRO,REPORTING,10/28/2022,15448082,7416257,132.34,63.533,6222584,53.307,"AstraZeneca - Vaxzevria,Beijing CNBG - BBIBP-CorV,Gamaleya - Gam-Covid-Vac,Janssen - Ad26.COV 2-S,Moderna - Spikevax,Pfizer BioNTech - Comirnaty,SII - Covishield",1/30/2021,7,2302379,19.724
Bonaire,XAA,AMRO,REPORTING,10/28/2022,41537,17460,198.599,83.481,15919,76.113,,,,8158,39.005
"Bonaire, Sint Eustatius and Saba",BES,AMRO,OWID,9/1/2021,35845,19109,137.934,73.533,16736,64.401,"Moderna - mRNA-1273, Pfizer BioNTech - Comirnaty",,2,,
Bosnia and Herzegovina,BIH,EURO,REPORTING,1/29/2022,1924950,943394,58.7,28.755,846080,25.789,"AstraZeneca - AZD1222, Pfizer BioNTech - Comirnaty, Sinovac - CoronaVac, Gamaleya - Sputnik V",,4,,
Botswana,BWA,AFRO,REPORTING,10/2/2022,2891400,1589621,122.953,67.597,1378230,58.608,"Bharat - Covaxin,Janssen - Ad26.COV 2-S,Moderna - Spikevax,Pfizer BioNTech - Comirnaty,SII - Covishield,Sinovac - CoronaVac",3/26/2021,6,466951,19.857
Brazil,BRA,AMRO,REPORTING,10/28/2022,487760773,185061541,229.47,87.063,167647519,78.871,"AstraZeneca - Vaxzevria,Janssen - Ad26.COV 2-S,Pfizer BioNTech - Comirnaty,SII - Covishield,Sinovac - CoronaVac",1/17/2021,5,104747469,49.279
British Virgin Islands,VGB,AMRO,REPORTING,10/28/2022,41453,19466,137.094,64.378,18261,60.393,"AstraZeneca - Vaxzevria,Janssen - Ad26.COV 2-S",2/11/2021,2,3726,12.323
Brunei Darussalam,BRN,WPRO,REPORTING,10/7/2022,1278500,450060,292.243,102.876,445424,101.816,"AstraZeneca - Vaxzevria,Beijing CNBG - BBIBP-CorV,Janssen - Ad26.COV 2-S,Moderna - Spikevax,Pfizer BioNTech - Comirnaty",4/3/2021,5,337552,77.158
Bulgaria,BGR,EURO,REPORTING,10/16/2022,4566807,2103303,65.7,30.257,2074596,29.844,"AstraZeneca - Vaxzevria,Janssen - Ad26.COV 2-S,Moderna - Spikevax,Pfizer BioNTech - Comirnaty",12/30/2020,4,814226,11.713
Burkina Faso,BFA,AFRO,REPORTING,10/2/2022,4070678,3079151,19.474,14.73,2658480,12.718,"Beijing CNBG - BBIBP-CorV,Janssen - Ad26.COV 2-S,SII - Covishield",6/2/2021,3,,
Burundi,BDI,AFRO,REPORTING,10/30/2022,25983,24053,0.219,0.202,23471,0.197,Beijing CNBG - BBIBP-CorV,10/18/2021,1,53,0
Cabo Verde,CPV,AFRO,REPORTING,9/25/2022,859940,356734,154.669,64.162,308720,55.526,"Beijing CNBG - BBIBP-CorV,Moderna - Spikevax,Pfizer BioNTech - Comirnaty,SII - Covishield",3/18/2021,4,749,0.135
Cambodia,KHM,WPRO,REPORTING,10/21/2022,40463517,18317500,242.022,109.561,14578628,87.198,"AstraZeneca - Vaxzevria,Beijing CNBG - BBIBP-CorV,Janssen - Ad26.COV 2-S,Moderna - Spikevax,Pfizer BioNTech - Comirnaty,SII - Covishield,Sinovac - CoronaVac",2/10/2021,7,10272280,61.441
Cameroon,CMR,AFRO,REPORTING,10/30/2022,1924807,1638561,7.251,6.173,1286179,4.845,"Beijing CNBG - BBIBP-CorV,Janssen - Ad26.COV 2-S,Pfizer BioNTech - Comirnaty,SII - Covishield",4/12/2021,4,65518,0.247
Canada,CAN,AMRO,REPORTING,10/28/2022,89313710,32862216,236.642,87.07,31496105,83.451,"AstraZeneca - Vaxzevria,Janssen - Ad26.COV 2-S,Moderna - Spikevax,Pfizer BioNTech - Comirnaty,SII - Covishield",12/14/2020,5,19383516,51.358
Cayman Islands,CYM,AMRO,REPORTING,10/28/2022,149153,61787,226.952,94.016,60341,91.815,Pfizer BioNTech - Comirnaty,1/15/2021,1,24307,36.986
Central African Republic,CAF,AFRO,REPORTING,10/23/2022,1754834,1674402,36.334,34.668,1616195,33.463,"Bharat - Covaxin,SII - Covishield",3/19/2021,2,214090,4.433
Chad,TCD,AFRO,REPORTING,10/2/2022,3879297,3746216,23.617,22.807,3619014,22.032,Beijing CNBG - BBIBP-CorV,6/4/2021,1,,
Chile,CHL,AMRO,REPORTING,10/28/2022,62487951,18074974,326.885,94.553,17686528,92.521,"AstraZeneca - Vaxzevria,CanSino - Convidecia,Moderna - Spikevax,Pfizer BioNTech - Comirnaty,Sinovac - CoronaVac",12/21/2020,5,15680420,82.027
China,CHN,WPRO,REPORTING,10/2/2022,3457953632,1307474015,235.029,88.866,1277277509,86.814,"Anhui ZL - Zifivax,Beijing CNBG - BBIBP-CorV,CanSino - Convidecia,IMB - Covidful,Pfizer BioNTech - Comirnaty,Shenzhen - LV-SMENP-DC,Sinovac - CoronaVac,Wuhan CNBG - Inactivated",7/22/2020,8,776425498,52.772
Colombia,COL,AMRO,REPORTING,10/28/2022,89209704,42828694,175.324,84.171,36763427,72.251,"AstraZeneca - Vaxzevria,Janssen - Ad26.COV 2-S,Moderna - Spikevax,Pfizer BioNTech - Comirnaty,Sinovac - CoronaVac",2/17/2021,5,14301919,28.108
Comoros,COM,AFRO,REPORTING,10/2/2022,835021,438825,96.023,50.463,397080,45.662,"Beijing CNBG - BBIBP-CorV,Bharat - Covaxin,SII - Covishield",4/10/2021,3,,
Congo,COG,AFRO,REPORTING,7/31/2022,833210,695760,15.1,12.609,654119,11.854,"Beijing CNBG - BBIBP-CorV,Gamaleya - Gam-Covid-Vac,Moderna - Spikevax,SII - Covishield",3/23/2021,4,,
Cook Islands,COK,WPRO,REPORTING,5/10/2022,39612,15020,225.529,85.516,14676,83.557,Pfizer BioNTech - Comirnaty,5/17/2021,1,9916,56.456
Costa Rica,CRI,AMRO,REPORTING,10/28/2022,12169521,4500155,238.894,88.34,4219797,82.837,"AstraZeneca - Vaxzevria,Moderna - Spikevax,Pfizer BioNTech - Comirnaty",12/24/2020,3,2639586,51.816
Côte d’Ivoire,CIV,AFRO,REPORTING,10/23/2022,20588390,12681498,78.051,48.076,9215656,34.937,"Beijing CNBG - BBIBP-CorV,Gamaleya - Gam-Covid-Vac,Janssen - Ad26.COV 2-S,Pfizer BioNTech - Comirnaty,SII - Covishield",3/1/2021,5,1243021,4.712
Croatia,HRV,EURO,REPORTING,10/16/2022,5356347,2317443,132,57.14,2244157,55.3,"AstraZeneca - Vaxzevria,Janssen - Ad26.COV 2-S,Moderna - Spikevax,Novavax-NUVAXOVID,Pfizer BioNTech - Comirnaty,Unknown Vaccine",12/23/2020,6,954118,23.511
Cuba,CUB,AMRO,REPORTING,10/28/2022,37902951,10709268,334.636,94.55,9997315,88.264,"CIGB - CIGB-66,Finlay - Soberana Plus,Finlay - Soberana-02",,3,8621669,76.119
Curaçao,CUW,AMRO,REPORTING,10/28/2022,255511,108557,155.711,66.156,99917,60.89,"AstraZeneca - Vaxzevria,Moderna - Spikevax,Pfizer BioNTech - Comirnaty",2/24/2021,3,47037,28.665
Cyprus,CYP,EURO,REPORTING,10/16/2022,1824911,667243,205.5,75.14,655639,73.833,"AstraZeneca - Vaxzevria,Janssen - Ad26.COV 2-S,Moderna - Spikevax,Novavax-NUVAXOVID,Pfizer BioNTech - Comirnaty",12/23/2020,5,485225,54.642
Czechia,CZE,EURO,REPORTING,10/16/2022,18215235,6967841,170.3,65.157,6882776,64.361,"AstraZeneca - Vaxzevria,Janssen - Ad26.COV 2-S,Moderna - Spikevax,Novavax-NUVAXOVID,Pfizer BioNTech - Comirnaty",12/23/2020,5,4330325,40.493
Democratic Republic of the Congo,COD,AFRO,REPORTING,10/23/2022,6185534,6577469,6.906,7.344,5575771,6.226,SII - Covishield,4/19/2021,1,,
Denmark,DNK,EURO,REPORTING,10/16/2022,13189213,4808729,226.5,82.585,4771093,81.939,"AstraZeneca - Vaxzevria,Janssen - Ad26.COV 2-S,Moderna - Spikevax,Pfizer BioNTech - Comirnaty,Unknown Vaccine",12/16/2020,5,3655731,62.783
Djibouti,DJI,EMRO,REPORTING,10/30/2022,281656,261033,28.508,26.42,240665,24.359,"AstraZeneca - Vaxzevria,Beijing CNBG - BBIBP-CorV,Bharat - Covaxin,CanSino - Convidecia,Gamaleya - Gam-Covid-Vac,Gamaleya - Sputnik-Light,Janssen - Ad26.COV 2-S,Moderna - Spikevax,Pfizer BioNTech - Comirnaty,SII - Covishield,Sinovac - CoronaVac",3/15/2021,11,,
Dominica,DMA,AMRO,REPORTING,10/28/2022,67647,32995,93.966,45.832,30659,42.587,"AstraZeneca - Vaxzevria,Beijing CNBG - BBIBP-CorV,Moderna - Spikevax,Pfizer BioNTech - Comirnaty,SII - Covishield",2/12/2021,5,3993,5.547
Dominican Republic,DOM,AMRO,REPORTING,10/28/2022,15829545,7289316,145.923,67.196,6056545,55.831,"AstraZeneca - Vaxzevria,SII - Covishield,Sinovac - CoronaVac",2/16/2021,3,2483684,22.896
Ecuador,ECU,AMRO,REPORTING,10/28/2022,38492480,15281438,218.174,86.614,14163964,80.281,"AstraZeneca - Vaxzevria,CanSino - Convidecia,Pfizer BioNTech - Comirnaty,Sinovac - CoronaVac",1/20/2021,4,7369220,41.768
Egypt,EGY,EMRO,REPORTING,10/30/2022,100303642,53496777,98.016,52.276,39910404,39,"AstraZeneca - Vaxzevria,Beijing CNBG - BBIBP-CorV,Bharat - Covaxin,CanSino - Convidecia,Gamaleya - Gam-Covid-Vac,Gamaleya - Sputnik-Light,Janssen - Ad26.COV 2-S,Moderna - Spikevax,Pfizer BioNTech - Comirnaty,Sinovac - CoronaVac",1/24/2021,10,9564972,9.347
El Salvador,SLV,AMRO,REPORTING,10/28/2022,11250496,4634978,173.453,71.459,4329694,66.752,"AstraZeneca - Vaxzevria,Beijing CNBG - BBIBP-CorV,Moderna - Spikevax,Pfizer BioNTech - Comirnaty,SII - Covishield,Sinovac - CoronaVac",2/17/2021,6,1847442,28.483
Equatorial Guinea,GNQ,AFRO,REPORTING,7/24/2022,488738,270109,34.836,19.252,214032,15.255,"Beijing CNBG - BBIBP-CorV,Sinovac - CoronaVac",2/12/2021,2,4597,0.328
Eritrea,ERI,AFRO,REPORTING,7/3/2022,,0,,0,0,0,,,,,
Estonia,EST,EURO,REPORTING,10/16/2022,2152705,844142,162,63.518,834837,62.818,"AstraZeneca - Vaxzevria,Janssen - Ad26.COV 2-S,Moderna - Spikevax,Novavax-NUVAXOVID,Pfizer BioNTech - Comirnaty",12/23/2020,5,481619,36.24
Eswatini,SWZ,AFRO,REPORTING,9/25/2022,773579,492300,66.678,42.434,490673,42.293,"Janssen - Ad26.COV 2-S,Pfizer BioNTech - Comirnaty,SII - Covishield",3/19/2021,3,147518,12.715
Ethiopia,ETH,AFRO,REPORTING,7/31/2022,52509414,43111242,45.675,37.5,36707357,31.93,"Beijing CNBG - BBIBP-CorV,Bharat - Covaxin,Janssen - Ad26.COV 2-S,SII - Covishield",3/13/2021,4,2421781,2.107
Falkland Islands (Malvinas),FLK,AMRO,REPORTING,6/21/2022,9390,3220,269.595,92.449,2976,85.444,AstraZeneca - AZD1222,,1,2543,73.012
Faroe Islands,FRO,EURO,OWID,2/18/2022,103894,41715,212.614,85.368,40895,83.69,"Moderna - mRNA-1273, Pfizer BioNTech - Comirnaty",,2,21284,43.557
Fiji,FJI,WPRO,REPORTING,9/29/2022,1542401,710182,172.058,79.222,638724,71.251,"AstraZeneca - Vaxzevria,Moderna - Spikevax,SII - Covishield",3/7/2021,3,166760,18.602
Finland,FIN,EURO,REPORTING,10/16/2022,12916648,4542768,233.8,82.218,4358358,78.88,"AstraZeneca - Vaxzevria,Janssen - Ad26.COV 2-S,Moderna - Spikevax,Pfizer BioNTech - Comirnaty,Unknown Vaccine",12/23/2020,5,3055298,55.297
France,FRA,EURO,REPORTING,10/16/2022,153069144,53664707,227.4,79.716,52157654,77.477,"AstraZeneca - Vaxzevria,Janssen - Ad26.COV 2-S,Moderna - Spikevax,Novavax-NUVAXOVID,Pfizer BioNTech - Comirnaty,Unknown Vaccine",12/30/2020,6,40710314,60.473
French Guiana,GUF,AMRO,REPORTING,10/28/2022,236613,99140,79.219,33.192,89666,30.021,"Moderna - Spikevax,Pfizer BioNTech - Comirnaty",1/13/2021,2,45474,15.225
French Polynesia,PYF,WPRO,REPORTING,8/29/2022,496275,190658,176.668,67.872,185669,66.096,"Janssen - Ad26.COV 2-S,Pfizer BioNTech - Comirnaty",1/18/2021,2,111840,39.814
Gabon,GAB,AFRO,REPORTING,10/30/2022,569829,310842,25.602,13.966,257322,11.561,"Beijing CNBG - BBIBP-CorV,Gamaleya - Gam-Covid-Vac,Pfizer BioNTech - Comirnaty",3/23/2021,3,2586,0.116
Gambia,GMB,AFRO,REPORTING,8/7/2022,815861,452514,33.76,18.725,357390,14.789,"Beijing CNBG - BBIBP-CorV,SII - Covishield",3/10/2021,2,9007,0.373
Georgia,GEO,EURO,REPORTING,10/2/2022,2720694,1293602,68.2,32.428,1178985,29.555,"AstraZeneca - Vaxzevria,Beijing CNBG - BBIBP-CorV,Pfizer BioNTech - Comirnaty,Sinovac - CoronaVac",3/17/2021,4,248107,6.22
Germany,DEU,EURO,REPORTING,10/16/2022,186739714,64797946,224.5,77.913,64887422,78.021,"AstraZeneca - Vaxzevria,Janssen - Ad26.COV 2-S,Moderna - Spikevax,Novavax-NUVAXOVID,Pfizer BioNTech - Comirnaty,Unknown Vaccine",12/23/2020,6,51811037,62.298
Ghana,GHA,AFRO,REPORTING,10/30/2022,20359448,11837459,65.521,38.096,8758799,28.188,"Gamaleya - Gam-Covid-Vac,SII - Covishield",3/2/2021,2,2329799,7.498
Gibraltar,GIB,EURO,OWID,4/21/2022,119855,42074,355.748,124.882,41421,122.944,"AstraZeneca - AZD1222, Pfizer BioNTech - Comirnaty",,2,36360,107.922
Greece,GRC,EURO,REPORTING,10/16/2022,21583328,7910910,201.4,73.806,7735464,72.169,"AstraZeneca - Vaxzevria,Janssen - Ad26.COV 2-S,Moderna - Spikevax,Novavax-NUVAXOVID,Pfizer BioNTech - Comirnaty",12/23/2020,5,5876425,54.825
Greenland,GRL,EURO,OWID,3/7/2022,79745,41243,140.465,72.647,38502,67.819,Moderna - mRNA-1273,,1,,
Grenada,GRD,AMRO,REPORTING,10/28/2022,90251,44093,80.207,39.186,38879,34.552,"AstraZeneca - Vaxzevria,Janssen - Ad26.COV 2-S,Moderna - Spikevax,Pfizer BioNTech - Comirnaty,SII - Covishield",2/15/2021,5,7279,6.469
Guadeloupe,GLP,AMRO,REPORTING,10/28/2022,389210,150620,97.272,37.643,144764,36.18,"AstraZeneca - Vaxzevria,Janssen - Ad26.COV 2-S,Moderna - Spikevax,Novavax-NUVAXOVID,Pfizer BioNTech - Comirnaty",1/8/2021,7,87652,21.906
Guam,GUM,WPRO,REPORTING,8/23/2022,368088,155225,218.094,91.972,141014,83.551,"Janssen - Ad26.COV 2-S,Moderna - Spikevax,Pfizer BioNTech - Comirnaty",1/4/2021,3,72131,42.738
Guatemala,GTM,AMRO,REPORTING,10/28/2022,19853919,8835536,110.819,49.318,6977744,38.948,"AstraZeneca - Vaxzevria,Gamaleya - Gam-Covid-Vac,Moderna - Spikevax,Pfizer BioNTech - Comirnaty,SII - Covishield",2/25/2021,5,3564825,19.898
Guernsey,GGY,EURO,OWID,7/12/2022,157708,,244.63,,,,"Moderna - mRNA-1273, AstraZeneca - AZD1222, Pfizer BioNTech - Comirnaty",,3,,
Guinea,GIN,AFRO,REPORTING,10/23/2022,7626551,5209518,58.073,39.668,2983614,22.719,"Beijing CNBG - BBIBP-CorV,Gamaleya - Gam-Covid-Vac,Janssen - Ad26.COV 2-S,Pfizer BioNTech - Comirnaty,SII - Covishield,Sinovac - CoronaVac",3/5/2021,6,199848,1.522
Guinea-Bissau,GNB,AFRO,REPORTING,9/18/2022,673091,640393,34.202,32.54,404228,20.54,"Beijing CNBG - BBIBP-CorV,SII - Covishield",4/2/2021,2,745,0.038
Guyana,GUY,AMRO,REPORTING,10/28/2022,951613,492773,120.985,62.65,379432,48.24,"AstraZeneca - Vaxzevria,Beijing CNBG - BBIBP-CorV,Gamaleya - Gam-Covid-Vac,Janssen - Ad26.COV 2-S,Moderna - Spikevax,Pfizer BioNTech - Comirnaty,SII - Covishield",2/11/2021,7,75419,9.589
Haiti,HTI,AMRO,REPORTING,10/28/2022,509500,397765,4.468,3.488,236678,2.076,"Janssen - Ad26.COV 2-S,Moderna - Spikevax",,2,,
Honduras,HND,AMRO,REPORTING,10/28/2022,16406054,6404041,165.641,64.657,5699605,57.545,"AstraZeneca - Vaxzevria,Gamaleya - Gam-Covid-Vac,Janssen - Ad26.COV 2-S,Moderna - Spikevax,Pfizer BioNTech - Comirnaty,SII - Covishield",2/22/2021,6,4302783,43.442
Hungary,HUN,EURO,REPORTING,10/16/2022,16490460,6354545,168.8,65.045,6148113,62.932,"AstraZeneca - Vaxzevria,Beijing CNBG - BBIBP-CorV,Gamaleya - Gam-Covid-Vac,Janssen - Ad26.COV 2-S,Moderna - Spikevax,Pfizer BioNTech - Comirnaty,Sinovac - CoronaVac",12/23/2020,7,3861064,39.522
Iceland,ISL,EURO,REPORTING,10/9/2022,851665,307089,233.9,84.335,297677,81.749,"AstraZeneca - Vaxzevria,Janssen - Ad26.COV 2-S,Moderna - Spikevax,Pfizer BioNTech - Comirnaty",12/30/2020,4,253289,69.559
India,IND,SEARO,REPORTING,10/31/2022,2196382882,1025269233,159.158,74.295,950236624,68.858,"Bharat - Covaxin,Biological E - Corbevax,Gamaleya - Gam-Covid-Vac,Janssen - Ad26.COV 2-S,Moderna - Spikevax,SII - Covishield,SII - Covovax,Zydus - ZyCov-D",1/16/2021,8,220877025,16.006
Indonesia,IDN,SEARO,REPORTING,10/30/2022,439654699,204315646,160.737,74.698,170975417,62.508,"AstraZeneca - Vaxzevria,Beijing CNBG - BBIBP-CorV,Janssen - Ad26.COV 2-S,Moderna - Spikevax,Novavax-NUVAXOVID,Pfizer BioNTech - Comirnaty,Sinovac - CoronaVac",1/13/2021,7,64363636,23.531
Iran (Islamic Republic of),IRN,EMRO,REPORTING,10/30/2022,154491250,65064570,183.934,77.464,58465011,69.607,"AstraZeneca - Vaxzevria,Beijing CNBG - BBIBP-CorV,Bharat - Covaxin,CanSino - Convidecia,Finlay - Soberana-02,Gamaleya - Gam-Covid-Vac,Gamaleya - Sputnik-Light,Janssen - Ad26.COV 2-S,Moderna - Spikevax,Pfizer BioNTech - Comirnaty,Shifa - COVIran Barakat,Sinovac - CoronaVac",2/9/2021,12,30961669,36.862
Iraq,IRQ,EMRO,REPORTING,10/23/2022,19394050,11234347,48.217,27.931,7899315,19.639,"AstraZeneca - Vaxzevria,Beijing CNBG - BBIBP-CorV,Bharat - Covaxin,CanSino - Convidecia,Gamaleya - Gam-Covid-Vac,Gamaleya - Sputnik-Light,Janssen - Ad26.COV 2-S,Moderna - Spikevax,Pfizer BioNTech - Comirnaty,Sinovac - CoronaVac",3/2/2021,10,260388,0.647
Ireland,IRL,EURO,REPORTING,10/9/2022,11663862,4040268,234.9,83.929,4005217,80.678,"AstraZeneca - Vaxzevria,Janssen - Ad26.COV 2-S,Moderna - Spikevax,Novavax-NUVAXOVID,Pfizer BioNTech - Comirnaty",12/30/2020,5,3025769,60.949
Isle of Man,IMN,EURO,OWID,6/23/2022,189994,69560,223.438,81.804,67106,78.919,"Moderna - mRNA-1273, AstraZeneca - AZD1222, Pfizer BioNTech - Comirnaty",,3,53328,62.715
Israel,ISR,EURO,REPORTING,6/5/2022,15026951,7055466,173.6,81.514,6385731,73.776,"AstraZeneca - Vaxzevria,Moderna - Spikevax,Pfizer BioNTech - Comirnaty",12/16/2020,3,1585754,18.321
Italy,ITA,EURO,REPORTING,10/16/2022,140212718,50437198,235.1,84.572,47513380,79.665,"AstraZeneca - Vaxzevria,Janssen - Ad26.COV 2-S,Moderna - Spikevax,Novavax-NUVAXOVID,Pfizer BioNTech - Comirnaty",12/23/2020,5,42670045,71.544
Jamaica,JAM,AMRO,REPORTING,10/28/2022,1493518,834720,50.437,28.189,734016,24.788,"AstraZeneca - Vaxzevria,Beijing CNBG - BBIBP-CorV,Janssen - Ad26.COV 2-S,Pfizer BioNTech - Comirnaty,SII - Covishield",3/10/2021,5,44819,1.514
Japan,JPN,WPRO,REPORTING,10/4/2022,324593506,104222723,256.643,82.405,102856921,81.325,"AstraZeneca - Vaxzevria,Moderna - Spikevax,Novavax-NUVAXOVID,Pfizer BioNTech - Comirnaty",2/17/2021,4,82433822,65.177
Jersey,JEY,EURO,OWID,10/23/2022,255009,84157,236.566,78.071,81597,75.696,"Moderna - mRNA-1273, AstraZeneca - AZD1222, Pfizer BioNTech - Comirnaty",,3,73458,68.145
Jordan,JOR,EMRO,REPORTING,8/21/2022,10057975,4821579,98.577,47.256,4558313,44.676,"AstraZeneca - Vaxzevria,Beijing CNBG - BBIBP-CorV,Bharat - Covaxin,CanSino - Convidecia,Gamaleya - Gam-Covid-Vac,Gamaleya - Sputnik-Light,Janssen - Ad26.COV 2-S,Moderna - Spikevax,Pfizer BioNTech - Comirnaty,Sinovac - CoronaVac",1/13/2021,10,682211,6.686
Kazakhstan,KAZ,EURO,REPORTING,10/9/2022,32989949,12348706,175.7,65.766,13009889,69.287,"Beijing CNBG - BBIBP-CorV,Gamaleya - Gam-Covid-Vac,Pfizer BioNTech - Comirnaty,RIBSP - QazVac,Sinovac - CoronaVac",4/7/2021,5,6540409,34.833
Kenya,KEN,AFRO,REPORTING,10/30/2022,22457583,13969231,41.765,25.979,10564568,19.647,"Beijing CNBG - BBIBP-CorV,Janssen - Ad26.COV 2-S,Moderna - Spikevax,Pfizer BioNTech - Comirnaty,SII - Covishield",3/5/2021,5,1568659,2.917
Kiribati,KIR,WPRO,REPORTING,9/26/2022,182923,93685,153.139,78.431,70464,58.991,"AstraZeneca - Vaxzevria,Beijing CNBG - BBIBP-CorV",5/26/2021,2,18774,15.717
Kosovo,XKX,EURO,REPORTING,10/9/2022,1836002,904332,102.2,50.362,824492,45.916,"AstraZeneca - Vaxzevria,Pfizer BioNTech - Comirnaty",3/31/2021,2,105385,5.869
Kuwait,KWT,EMRO,REPORTING,11/2/2022,8235679,3449971,192.847,80.785,3340204,78.214,"AstraZeneca - Vaxzevria,Beijing CNBG - BBIBP-CorV,Bharat - Covaxin,CanSino - Convidecia,Gamaleya - Gam-Covid-Vac,Gamaleya - Sputnik-Light,Janssen - Ad26.COV 2-S,Moderna - Spikevax,Pfizer BioNTech - Comirnaty,Sinovac - CoronaVac",12/28/2020,10,1445504,33.848
Kyrgyzstan,KGZ,EURO,REPORTING,10/9/2022,2980022,1468553,45.7,22.509,1299738,19.922,"AstraZeneca - Vaxzevria,Beijing CNBG - BBIBP-CorV,Gamaleya - Gam-Covid-Vac,Moderna - Spikevax,Pfizer BioNTech - Comirnaty,RIBSP - QazVac",3/31/2021,6,211731,3.245
Lao People's Democratic Republic,LAO,WPRO,REPORTING,9/30/2022,12388167,5939256,170.271,81.633,5293537,72.758,"AstraZeneca - Vaxzevria,Beijing CNBG - BBIBP-CorV,Gamaleya - Gam-Covid-Vac,Gamaleya - Sputnik-Light,Janssen - Ad26.COV 2-S,Pfizer BioNTech - Comirnaty,SII - Covishield,Sinovac - CoronaVac",11/25/2020,8,1916136,26.337
Latvia,LVA,EURO,REPORTING,9/18/2022,2847648,1303023,149.3,68.304,1271589,66.656,"AstraZeneca - Vaxzevria,Janssen - Ad26.COV 2-S,Moderna - Spikevax,Novavax-NUVAXOVID,Pfizer BioNTech - Comirnaty",12/30/2020,5,541299,28.375
Lebanon,LBN,EMRO,REPORTING,10/20/2022,5797147,2733290,84.934,40.046,2408849,35.292,"AstraZeneca - Vaxzevria,Beijing CNBG - BBIBP-CorV,Bharat - Covaxin,CanSino - Convidecia,Gamaleya - Gam-Covid-Vac,Gamaleya - Sputnik-Light,Janssen - Ad26.COV 2-S,Moderna - Spikevax,Pfizer BioNTech - Comirnaty,Sinovac - CoronaVac",2/14/2021,10,655008,9.597
Lesotho,LSO,AFRO,REPORTING,8/14/2022,1102069,1631364,51.444,76.152,872661,40.736,"Beijing CNBG - BBIBP-CorV,Janssen - Ad26.COV 2-S,SII - Covishield",3/10/2021,3,61789,2.884
Liberia,LBR,AFRO,REPORTING,10/16/2022,4179219,3692705,82.631,73.012,3511588,69.431,SII - Covishield,4/1/2021,1,1987,0.039
Libya,LBY,EMRO,REPORTING,10/2/2022,3716080,2308724,54.081,33.6,1229888,17.899,"AstraZeneca - Vaxzevria,Beijing CNBG - BBIBP-CorV,Bharat - Covaxin,CanSino - Convidecia,Gamaleya - Gam-Covid-Vac,Gamaleya - Sputnik-Light,Janssen - Ad26.COV 2-S,Moderna - Spikevax,Pfizer BioNTech - Comirnaty,Sinovac - CoronaVac",4/11/2021,10,177468,2.583
Liechtenstein,LIE,OTHER,REPORTING,4/10/2022,71104,26681,183.5,68.86,26346,67.995,"Janssen - Ad26.COV 2-S,Moderna - Spikevax,Pfizer BioNTech - Comirnaty",1/6/2021,3,18310,47.255
Lithuania,LTU,EURO,REPORTING,10/16/2022,4495684,1954870,160.9,70.118,1905239,68.188,"AstraZeneca - Vaxzevria,Janssen - Ad26.COV 2-S,Moderna - Spikevax,Pfizer BioNTech - Comirnaty,Unknown Vaccine",12/23/2020,5,897820,32.133
Luxembourg,LUX,EURO,REPORTING,10/16/2022,1318917,469322,210.7,74.959,462706,73.902,"AstraZeneca - Vaxzevria,Janssen - Ad26.COV 2-S,Moderna - Spikevax,Novavax-NUVAXOVID,Pfizer BioNTech - Comirnaty",12/30/2020,5,367245,58.655
Madagascar,MDG,AFRO,REPORTING,10/30/2022,2069585,1793522,7.474,6.477,1722381,6.22,"Beijing CNBG - BBIBP-CorV,Janssen - Ad26.COV 2-S,SII - Covishield",5/10/2021,3,238771,0.862
Malawi,MWI,AFRO,REPORTING,10/9/2022,5619203,3748590,29.374,19.595,2949082,15.416,"Janssen - Ad26.COV 2-S,SII - Covishield",3/11/2021,2,197226,1.031
Malaysia,MYS,WPRO,REPORTING,10/22/2022,72171320,28107427,222.985,86.842,27516882,85.018,"AstraZeneca - Vaxzevria,Beijing CNBG - BBIBP-CorV,CanSino - Convidecia,Gamaleya - Gam-Covid-Vac,Janssen - Ad26.COV 2-S,Moderna - Spikevax,Pfizer BioNTech - Comirnaty,Sinovac - CoronaVac",2/24/2021,8,16248014,50.201
Maldives,MDV,SEARO,REPORTING,10/17/2022,951199,399126,175.971,73.838,385014,71.227,"AstraZeneca - Vaxzevria,Beijing CNBG - BBIBP-CorV,Gamaleya - Gam-Covid-Vac,Janssen - Ad26.COV 2-S,Moderna - Spikevax,Pfizer BioNTech - Comirnaty,SII - Covishield,Sinovac - CoronaVac",2/1/2021,8,167059,30.906
Mali,MLI,AFRO,REPORTING,10/30/2022,3615160,2631658,17.852,12.995,2110796,10.423,SII - Covishield,3/31/2021,1,,
Malta,MLT,EURO,REPORTING,10/2/2022,1273626,450426,247.5,87.535,444814,86.445,"AstraZeneca - Vaxzevria,Janssen - Ad26.COV 2-S,Moderna - Spikevax,Pfizer BioNTech - Comirnaty",12/23/2020,4,352052,68.418
Marshall Islands,MHL,WPRO,REPORTING,9/26/2022,103067,43458,174.117,73.416,36633,61.886,"Janssen - Ad26.COV 2-S,Moderna - Spikevax,Pfizer BioNTech - Comirnaty",12/29/2020,3,18559,31.353
Martinique,MTQ,AMRO,REPORTING,10/28/2022,393408,150002,104.835,39.972,144809,38.588,Pfizer BioNTech - Comirnaty,,1,92035,24.525
Mauritania,MRT,AFRO,REPORTING,10/30/2022,3252274,2008576,69.947,43.198,1426547,30.681,"Beijing CNBG - BBIBP-CorV,SII - Covishield",3/26/2021,2,295764,6.361
Mauritius,MUS,AFRO,REPORTING,10/30/2022,2610884,1123773,205.296,88.363,1088142,85.561,"Beijing CNBG - BBIBP-CorV,Bharat - Covaxin,SII - Covishield",1/26/2021,3,638510,50.206
Mexico,MEX,AMRO,REPORTING,10/28/2022,223158993,97179493,173.082,75.372,81849962,63.483,"AstraZeneca - Vaxzevria,CanSino - Convidecia,Gamaleya - Gam-Covid-Vac,Janssen - Ad26.COV 2-S,Moderna - Spikevax,Pfizer BioNTech - Comirnaty,Sinovac - CoronaVac",12/24/2020,7,57014052,44.22
Micronesia (Federated States of),FSM,WPRO,REPORTING,8/20/2022,170346,70204,148.097,61.035,66174,57.531,"AstraZeneca - Vaxzevria,Janssen - Ad26.COV 2-S,Moderna - Spikevax,Pfizer BioNTech - Comirnaty",1/13/2021,4,30537,26.549
Monaco,MCO,EURO,REPORTING,9/4/2022,69256,25233,176.5,64.298,24840,63.296,"AstraZeneca - Vaxzevria,Janssen - Ad26.COV 2-S,Moderna - Spikevax,Novavax - Covavax,Novavax-NUVAXOVID,Pfizer BioNTech - Comirnaty",6/30/2021,6,17621,44.901
Mongolia,MNG,WPRO,REPORTING,10/21/2022,5661358,2283182,172.692,69.646,2183781,66.613,"AstraZeneca - Vaxzevria,Beijing CNBG - BBIBP-CorV,Gamaleya - Gam-Covid-Vac,Moderna - Spikevax,Pfizer BioNTech - Comirnaty,SII - Covishield",2/23/2021,6,1055320,32.191
Montenegro,MNE,EURO,REPORTING,10/16/2022,526813,272544,83.9,43.826,254269,40.888,"AstraZeneca - Vaxzevria,Beijing CNBG - BBIBP-CorV,Gamaleya - Gam-Covid-Vac,Pfizer BioNTech - Comirnaty,Unknown Vaccine",2/24/2021,5,0,0
Montserrat,MSR,AMRO,REPORTING,10/28/2022,4564,2104,91.298,42.088,1950,39.008,AstraZeneca - Vaxzevria,2/8/2021,1,510,10.202
Morocco,MAR,EMRO,REPORTING,11/2/2022,55317568,25009841,149.869,67.758,23508519,63.69,"AstraZeneca - Vaxzevria,Beijing CNBG - BBIBP-CorV,Bharat - Covaxin,CanSino - Convidecia,Gamaleya - Gam-Covid-Vac,Gamaleya - Sputnik-Light,Janssen - Ad26.COV 2-S,Moderna - Spikevax,Pfizer BioNTech - Comirnaty,Sinovac - CoronaVac",1/28/2021,10,6896921,18.685
Mozambique,MOZ,AFRO,REPORTING,10/30/2022,19435780,18585783,62.184,59.464,13573329,43.427,"Beijing CNBG - BBIBP-CorV,Janssen - Ad26.COV 2-S,SII - Covishield",3/8/2021,3,730177,2.336
Myanmar,MMR,SEARO,REPORTING,6/18/2022,64549994,34777314,118.637,63.917,27545329,50.626,"Beijing CNBG - BBIBP-CorV,SII - Covishield",1/27/2021,2,2227351,4.094
Namibia,NAM,AFRO,REPORTING,10/30/2022,962898,596399,37.896,23.472,519505,20.446,"Beijing CNBG - BBIBP-CorV,Janssen - Ad26.COV 2-S,Pfizer BioNTech - Comirnaty,SII - Covishield",3/19/2021,4,159381,6.273
Nauru,NRU,WPRO,REPORTING,7/11/2022,24143,10493,222.845,96.853,8585,79.241,"AstraZeneca - Vaxzevria,SII - Covishield",4/9/2021,2,5065,46.751
Nepal,NPL,SEARO,REPORTING,10/23/2022,59118206,27290944,202.899,93.665,23389561,80.275,"AstraZeneca - Vaxzevria,Beijing CNBG - BBIBP-CorV,Bharat - Covaxin,Gamaleya - Gam-Covid-Vac,Janssen - Ad26.COV 2-S,Moderna - Spikevax,Pfizer BioNTech - Comirnaty,SII - Covishield",1/27/2021,8,8437701,28.959
Netherlands,NLD,EURO,REPORTING,9/11/2022,36105753,12776868,207.4,73.398,11957152,68.689,"AstraZeneca - Vaxzevria,Janssen - Ad26.COV 2-S,Moderna - Spikevax,Novavax-NUVAXOVID,Pfizer BioNTech - Comirnaty,Unknown Vaccine",1/6/2021,6,9417108,54.098
New Caledonia,NCL,WPRO,REPORTING,9/26/2022,469252,191568,164.363,67.1,184013,64.453,"Janssen - Ad26.COV 2-S,Pfizer BioNTech - Comirnaty",1/20/2021,2,93671,32.81
New Zealand,NZL,WPRO,REPORTING,10/14/2022,11804115,4255739,244.785,88.252,4095363,84.927,"AstraZeneca - Vaxzevria,Janssen - Ad26.COV 2-S,Novavax-NUVAXOVID,Pfizer BioNTech - Comirnaty",2/19/2021,4,2710218,56.203
Nicaragua,NIC,AMRO,REPORTING,10/28/2022,11910479,6104149,179.793,92.144,5806330,87.649,"AstraZeneca - Vaxzevria,CIGB - CIGB-66,Finlay - Soberana Plus,Finlay - Soberana-02,Gamaleya - Gam-Covid-Vac,Gamaleya - Sputnik-Light,Janssen - Ad26.COV 2-S,Pfizer BioNTech - Comirnaty,SII - Covishield",3/3/2021,9,,
Niger,NER,AFRO,REPORTING,10/30/2022,7042134,5935299,29.092,24.519,5176311,21.384,"Beijing CNBG - BBIBP-CorV,SII - Covishield",3/29/2021,2,,
Nigeria,NGA,AFRO,REPORTING,10/30/2022,87872150,60946631,42.627,29.566,48312871,23.437,SII - Covishield,3/5/2021,1,5626364,2.729
Niue,NIU,WPRO,REPORTING,8/2/2022,4180,1650,258.344,101.978,1436,88.752,Pfizer BioNTech - Comirnaty,6/8/2021,1,1094,67.614
North Macedonia,MKD,EURO,REPORTING,10/9/2022,1861953,854335,89.4,41.148,837932,40.358,"AstraZeneca - Vaxzevria,Beijing CNBG - BBIBP-CorV,Gamaleya - Gam-Covid-Vac,Moderna - Spikevax,Pfizer BioNTech - Comirnaty,Sinovac - CoronaVac,Wuhan CNBG - Inactivated",2/17/2021,7,161328,7.77
Northern Mariana Islands (Commonwealth of the),MNP,WPRO,REPORTING,9/19/2022,115886,46340,201.341,80.511,45046,78.263,"Janssen - Ad26.COV 2-S,Moderna - Spikevax,Pfizer BioNTech - Comirnaty",12/19/2020,3,24500,42.566
Norway,NOR,EURO,REPORTING,10/16/2022,11881760,4344292,221.4,80.936,4058588,75.613,"AstraZeneca - Vaxzevria,Janssen - Ad26.COV 2-S,Moderna - Spikevax,Pfizer BioNTech - Comirnaty",12/23/2020,4,2991787,55.738
occupied Palestinian territory,PSE,EMRO,REPORTING,10/18/2022,3748571,2012767,73.481,39.455,1776973,34.833,"AstraZeneca - Vaxzevria,Beijing CNBG - BBIBP-CorV,Bharat - Covaxin,CanSino - Convidecia,Gamaleya - Gam-Covid-Vac,Gamaleya - Sputnik-Light,Janssen - Ad26.COV 2-S,Moderna - Spikevax,Pfizer BioNTech - Comirnaty,Sinovac - CoronaVac",2/2/2021,10,336967,6.605
Oman,OMN,EMRO,REPORTING,10/25/2022,7086050,3257365,138.762,63.787,3048826,59.703,"AstraZeneca - Vaxzevria,Beijing CNBG - BBIBP-CorV,Bharat - Covaxin,CanSino - Convidecia,Gamaleya - Gam-Covid-Vac,Gamaleya - Sputnik-Light,Janssen - Ad26.COV 2-S,Moderna - Spikevax,Pfizer BioNTech - Comirnaty,SII - Covishield,Sinovac - CoronaVac",12/29/2020,11,779859,15.272
Pakistan,PAK,EMRO,REPORTING,10/31/2022,314087995,154441360,142.191,69.917,131262342,59.424,"AstraZeneca - Vaxzevria,Beijing CNBG - BBIBP-CorV,Bharat - Covaxin,CanSino - Convidecia,Gamaleya - Gam-Covid-Vac,Gamaleya - Sputnik-Light,Janssen - Ad26.COV 2-S,Moderna - Spikevax,Pfizer BioNTech - Comirnaty,SII - Covishield,Sinovac - CoronaVac",2/3/2021,11,46226871,20.927
Palau,PLW,WPRO,REPORTING,9/6/2022,50160,20094,277.25,111.066,18403,101.719,"Janssen - Ad26.COV 2-S,Moderna - Spikevax,Pfizer BioNTech - Comirnaty",1/3/2021,3,12856,71.059
Panama,PAN,AMRO,REPORTING,10/28/2022,8662543,3511315,200.765,81.379,3157799,73.186,"AstraZeneca - Vaxzevria,Pfizer BioNTech - Comirnaty",1/20/2021,2,1743751,40.414
Papua New Guinea,PNG,WPRO,REPORTING,10/23/2022,492326,357694,5.503,3.998,297814,3.329,"AstraZeneca - Vaxzevria,Beijing CNBG - BBIBP-CorV,Janssen - Ad26.COV 2-S,SII - Covishield",3/30/2021,4,28516,0.319
Paraguay,PRY,AMRO,REPORTING,10/28/2022,9419313,3967215,132.061,55.621,3518399,49.329,"AstraZeneca - Vaxzevria,Beijing CNBG - BBIBP-CorV,Bharat - Covaxin,Gamaleya - Gam-Covid-Vac,Julphar - Hayat-Vax,Moderna - Spikevax,Pfizer BioNTech - Comirnaty,Sinovac - CoronaVac",2/22/2021,8,1617513,22.678
Peru,PER,AMRO,REPORTING,10/28/2022,84981554,29908445,257.74,90.709,28280111,85.77,"AstraZeneca - Vaxzevria,Beijing CNBG - BBIBP-CorV,Moderna - Spikevax,Pfizer BioNTech - Comirnaty",2/9/2021,4,21376479,64.833
Philippines,PHL,WPRO,REPORTING,10/20/2022,167639203,77994168,152.982,71.175,73449131,67.027,"AstraZeneca - Vaxzevria,Beijing CNBG - BBIBP-CorV,Bharat - Covaxin,Gamaleya - Gam-Covid-Vac,Gamaleya - Sputnik-Light,Janssen - Ad26.COV 2-S,Julphar - Hayat-Vax,Moderna - Spikevax,Novavax-NUVAXOVID,Pfizer BioNTech - Comirnaty,Sinovac - CoronaVac",3/1/2021,11,20425579,18.64
Pitcairn Islands,PCN,WPRO,REPORTING,2/28/2022,138,55,276,110,37,74,AstraZeneca - Vaxzevria,5/17/2021,1,23,46
Poland,POL,EURO,REPORTING,10/16/2022,57383999,22901670,151.2,60.334,22625720,59.607,"AstraZeneca - Vaxzevria,Janssen - Ad26.COV 2-S,Moderna - Spikevax,Novavax-NUVAXOVID,Pfizer BioNTech - Comirnaty",12/23/2020,5,12426877,32.738
Portugal,PRT,EURO,REPORTING,10/16/2022,25658974,9760014,249.2,94.891,8873102,86.181,"AstraZeneca - Vaxzevria,Beijing CNBG - BBIBP-CorV,Bharat - Covaxin,Janssen - Ad26.COV 2-S,Moderna - Spikevax,Novavax-NUVAXOVID,Pfizer BioNTech - Comirnaty,Sinovac - CoronaVac",12/23/2020,8,6946902,67.472
Puerto Rico,PRI,AMRO,REPORTING,10/28/2022,7798061,3117448,272.578,108.969,2748798,96.083,"Janssen - Ad26.COV 2-S,Moderna - Spikevax,Novavax-NUVAXOVID,Pfizer BioNTech - Comirnaty",,4,1723166,60.233
Qatar,QAT,EMRO,REPORTING,11/1/2022,7592322,2847595,263.526,98.839,2847594,98.839,"AstraZeneca - Vaxzevria,Beijing CNBG - BBIBP-CorV,Bharat - Covaxin,CanSino - Convidecia,Gamaleya - Gam-Covid-Vac,Gamaleya - Sputnik-Light,Janssen - Ad26.COV 2-S,Moderna - Spikevax,Pfizer BioNTech - Comirnaty,Sinovac - CoronaVac",,10,1897133,65.849
Republic of Korea,KOR,WPRO,REPORTING,9/30/2022,130834289,45113628,255.191,87.994,44678807,87.146,"AstraZeneca - Vaxzevria,Janssen - Ad26.COV 2-S,Moderna - Spikevax,Novavax-NUVAXOVID,Pfizer BioNTech - Comirnaty",2/26/2021,5,33600655,65.538
Republic of Moldova,MDA,EURO,REPORTING,9/18/2022,2241785,1101302,55.6,27.301,1071341,26.558,"AstraZeneca - Vaxzevria,Beijing CNBG - BBIBP-CorV,Gamaleya - Gam-Covid-Vac,Janssen - Ad26.COV 2-S,Moderna - Spikevax,Pfizer BioNTech - Comirnaty,Sinovac - CoronaVac",3/3/2021,7,370563,9.186
Romania,ROU,EURO,REPORTING,10/16/2022,16083871,8183574,83.2,42.339,8136562,42.095,"AstraZeneca - Vaxzevria,Janssen - Ad26.COV 2-S,Moderna - Spikevax,Pfizer BioNTech - Comirnaty",1/27/2021,4,1761712,9.114
Russian Federation,RUS,EURO,OWID,10/31/2022,179202586,85406305,122.8,58.524,77321901,52.984,"SRCVB - EpiVacCorona, Gamaleya - Sputnik V",,2,,
Rwanda,RWA,AFRO,REPORTING,10/23/2022,26106436,9547259,201.56,73.711,8962371,69.196,"Beijing CNBG - BBIBP-CorV,Gamaleya - Gam-Covid-Vac,Janssen - Ad26.COV 2-S,Moderna - Spikevax,Pfizer BioNTech - Comirnaty,SII - Covishield,Sinovac - CoronaVac",3/5/2021,7,5562376,42.945
Saba,XCA,AMRO,REPORTING,10/28/2022,4471,1687,231.298,87.274,1657,85.722,,,,1127,58.303
Saint Helena,SHN,AFRO,OWID,5/5/2021,7892,4361,129.995,71.833,3531,58.162,AstraZeneca - AZD1222,,1,,
Saint Kitts and Nevis,KNA,AMRO,REPORTING,10/28/2022,64225,33794,120.742,63.532,26944,50.654,"AstraZeneca - Vaxzevria,Pfizer BioNTech - Comirnaty,SII - Covishield",2/22/2021,3,3465,6.514
Saint Lucia,LCA,AMRO,REPORTING,10/28/2022,122977,60140,66.971,32.751,54971,29.936,"AstraZeneca - Vaxzevria,Janssen - Ad26.COV 2-S,Moderna - Spikevax,Pfizer BioNTech - Comirnaty,SII - Covishield",2/17/2021,5,7866,4.284
Saint Vincent and the Grenadines,VCT,AMRO,REPORTING,10/28/2022,72941,37311,65.748,33.632,31433,28.333,"AstraZeneca - Vaxzevria,Gamaleya - Gam-Covid-Vac,Gamaleya - Sputnik-Light,Pfizer BioNTech - Comirnaty,SII - Covishield",2/1/2021,5,4197,3.783
Samoa,WSM,WPRO,REPORTING,9/26/2022,440413,191071,221.967,96.299,177489,89.454,"AstraZeneca - Vaxzevria,Pfizer BioNTech - Comirnaty",4/18/2021,2,71853,36.214
San Marino,SMR,EURO,REPORTING,5/22/2022,69338,26357,204.3,76.501,23633,68.595,"Gamaleya - Gam-Covid-Vac,Pfizer BioNTech - Comirnaty",2/24/2021,2,19348,56.158
Sao Tome and Principe,STP,AFRO,REPORTING,10/23/2022,227603,127410,103.853,58.136,103508,47.23,"AstraZeneca - Vaxzevria,SII - Covishield",3/15/2021,2,32393,14.781
Saudi Arabia,SAU,EMRO,REPORTING,10/27/2022,67979420,26918732,195.265,77.322,25320917,72.732,"AstraZeneca - Vaxzevria,Beijing CNBG - BBIBP-CorV,Bharat - Covaxin,CanSino - Convidecia,Gamaleya - Gam-Covid-Vac,Gamaleya - Sputnik-Light,Janssen - Ad26.COV 2-S,Moderna - Spikevax,Pfizer BioNTech - Comirnaty,Sinovac - CoronaVac",1/6/2021,10,15739771,45.211
Senegal,SEN,AFRO,REPORTING,10/23/2022,2469499,1732282,14.749,10.346,1263032,7.543,"Beijing CNBG - BBIBP-CorV,Janssen - Ad26.COV 2-S,SII - Covishield",2/23/2021,3,591916,3.535
Serbia,SRB,EURO,REPORTING,9/4/2022,6717622,3396340,97,49.033,3321282,47.949,"AstraZeneca - Vaxzevria,Beijing CNBG - BBIBP-CorV,Gamaleya - Gam-Covid-Vac,Moderna - Spikevax,Pfizer BioNTech - Comirnaty",12/23/2020,5,0,0
Seychelles,SYC,AFRO,REPORTING,10/23/2022,217487,85655,221.142,87.095,81494,82.864,"Beijing CNBG - BBIBP-CorV,Gamaleya - Gam-Covid-Vac,Julphar - Hayat-Vax,SII - Covishield",1/10/2021,4,43749,44.484
Sierra Leone,SLE,AFRO,REPORTING,10/30/2022,4834206,3513208,60.602,44.042,2736804,34.309,"Beijing CNBG - BBIBP-CorV,SII - Covishield",3/15/2021,2,71618,0.898
Singapore,SGP,WPRO,REPORTING,9/28/2022,14695435,5161367,251.189,88.223,5120432,87.524,"AstraZeneca - Vaxzevria,Beijing CNBG - BBIBP-CorV,Moderna - Spikevax,Pfizer BioNTech - Comirnaty",12/30/2020,4,4413636,75.442
Sint Eustatius,XBA,AMRO,REPORTING,10/28/2022,4257,1791,135.616,57.056,1686,53.711,,,,780,24.849
Sint Maarten,SXM,AMRO,REPORTING,10/28/2022,65324,29788,152.334,69.465,26515,61.832,"AstraZeneca - Vaxzevria,Moderna - Spikevax,Pfizer BioNTech - Comirnaty",2/22/2021,3,9021,21.037
Slovakia,SVK,EURO,REPORTING,10/16/2022,7176980,2838635,131.5,52.01,2790217,51.123,"AstraZeneca - Vaxzevria,Gamaleya - Gam-Covid-Vac,Janssen - Ad26.COV 2-S,Moderna - Spikevax,Novavax-NUVAXOVID,Pfizer BioNTech - Comirnaty",1/6/2021,6,1683402,30.844
Slovenia,SVN,EURO,REPORTING,10/16/2022,2999524,1233013,143.1,58.831,1202504,57.375,"AstraZeneca - Vaxzevria,Janssen - Ad26.COV 2-S,Moderna - Spikevax,Novavax-NUVAXOVID,Pfizer BioNTech - Comirnaty",12/23/2020,5,654976,31.251
Solomon Islands,SLB,WPRO,REPORTING,10/9/2022,540361,315969,78.668,46,212173,30.889,"AstraZeneca - Vaxzevria,Beijing CNBG - BBIBP-CorV,Pfizer BioNTech - Comirnaty,SII - Covishield",3/23/2021,4,14725,2.144
Somalia,SOM,EMRO,REPORTING,10/30/2022,8132773,7137557,51.171,44.909,5936922,37.355,"AstraZeneca - Vaxzevria,Beijing CNBG - BBIBP-CorV,Bharat - Covaxin,CanSino - Convidecia,Gamaleya - Gam-Covid-Vac,Gamaleya - Sputnik-Light,Janssen - Ad26.COV 2-S,Moderna - Spikevax,Pfizer BioNTech - Comirnaty,SII - Covishield,Sinovac - CoronaVac",3/16/2021,11,,
South Africa,ZAF,AFRO,REPORTING,10/30/2022,37796915,23825968,63.729,40.173,20898618,35.237,"Janssen - Ad26.COV 2-S,Pfizer BioNTech - Comirnaty",2/17/2021,2,3789414,6.389
South Sudan,SSD,AFRO,REPORTING,10/30/2022,2180708,2143114,19.482,19.146,2101283,18.772,"Janssen - Ad26.COV 2-S,SII - Covishield",4/6/2021,2,,
Spain,ESP,EURO,REPORTING,10/16/2022,103064170,41287568,217.7,87.229,37488975,79.203,"AstraZeneca - Vaxzevria,Janssen - Ad26.COV 2-S,Moderna - Spikevax,Pfizer BioNTech - Comirnaty",12/30/2020,4,26001927,54.934
Sri Lanka,LKA,SEARO,REPORTING,10/30/2022,40116590,17143761,187.345,80.061,14752827,68.896,"AstraZeneca - Vaxzevria,Beijing CNBG - BBIBP-CorV,Gamaleya - Gam-Covid-Vac,Moderna - Spikevax,Pfizer BioNTech - Comirnaty,SII - Covishield",1/29/2021,6,8220002,38.387
Sudan,SDN,EMRO,REPORTING,5/30/2022,8179010,6651268,18.653,15.168,4536964,10.347,"AstraZeneca - Vaxzevria,Beijing CNBG - BBIBP-CorV,Bharat - Covaxin,CanSino - Convidecia,Gamaleya - Gam-Covid-Vac,Gamaleya - Sputnik-Light,Janssen - Ad26.COV 2-S,Moderna - Spikevax,Pfizer BioNTech - Comirnaty,SII - Covishield,Sinovac - CoronaVac",3/9/2021,11,50234,0.115
Suriname,SUR,AMRO,REPORTING,10/28/2022,554588,267820,94.538,45.654,237879,40.55,"AstraZeneca - Vaxzevria,Beijing CNBG - BBIBP-CorV,Moderna - Spikevax,Pfizer BioNTech - Comirnaty,SII - Covishield",2/23/2021,5,48889,8.334
Sweden,SWE,EURO,REPORTING,10/16/2022,22750237,7504601,220.3,72.666,7366812,71.331,"AstraZeneca - Vaxzevria,Moderna - Spikevax,Novavax-NUVAXOVID,Pfizer BioNTech - Comirnaty,Unknown Vaccine",12/23/2020,5,5525594,53.503
Switzerland,CHE,EURO,REPORTING,10/9/2022,15844749,6092913,183.1,70.798,5718238,66.445,"Janssen - Ad26.COV 2-S,Moderna - Spikevax,Novavax-NUVAXOVID,Pfizer BioNTech - Comirnaty",12/23/2020,4,4093370,47.564
Syrian Arab Republic,SYR,EMRO,REPORTING,10/16/2022,4777586,3050850,27.299,17.433,2105113,12.029,"AstraZeneca - Vaxzevria,Beijing CNBG - BBIBP-CorV,Bharat - Covaxin,CanSino - Convidecia,Gamaleya - Gam-Covid-Vac,Gamaleya - Sputnik-Light,Janssen - Ad26.COV 2-S,Moderna - Spikevax,Pfizer BioNTech - Comirnaty,SII - Covishield,Sinovac - CoronaVac",4/1/2021,11,75881,0.434
Tajikistan,TJK,EURO,REPORTING,8/21/2022,15441380,5282863,161.9,55.39,5120562,53.688,"AstraZeneca - Vaxzevria,Gamaleya - Gam-Covid-Vac,Moderna - Spikevax,Pfizer BioNTech - Comirnaty,SII - Covishield,Sinovac - CoronaVac",3/24/2021,6,4951036,51.91
Thailand,THA,SEARO,REPORTING,9/30/2022,142635014,57005497,204.348,81.67,53486086,76.628,"AstraZeneca - Vaxzevria,Beijing CNBG - BBIBP-CorV,Janssen - Ad26.COV 2-S,Moderna - Spikevax,Pfizer BioNTech - Comirnaty,SII - Covishield,SII - Covovax,Sinovac - CoronaVac",2/28/2021,8,32143431,46.051
The United Kingdom,GBR,EURO,REPORTING,9/11/2022,151248820,53813491,222.8,79.068,50762968,74.586,"AstraZeneca - Vaxzevria,Moderna - Spikevax,Pfizer BioNTech - Comirnaty",12/21/2020,3,,
Timor-Leste,TLS,SEARO,REPORTING,10/29/2022,1856567,859542,140.815,65.194,758817,57.554,"AstraZeneca - Vaxzevria,Pfizer BioNTech - Comirnaty,SII - Covishield,Sinovac - CoronaVac",4/7/2021,4,238208,18.067
Togo,TGO,AFRO,REPORTING,10/30/2022,3381542,2232792,40.846,26.97,1451712,17.535,SII - Covishield,3/10/2021,1,138868,1.677
Tokelau,TKL,WPRO,REPORTING,9/5/2022,4924,1494,364.741,110.667,1494,110.667,Pfizer BioNTech - Comirnaty,7/20/2021,1,968,71.704
Tonga,TON,WPRO,REPORTING,10/10/2022,203004,87242,192.066,82.541,76800,72.662,"AstraZeneca - Vaxzevria,Pfizer BioNTech - Comirnaty",4/14/2021,2,38082,36.03
Trinidad and Tobago,TTO,AMRO,REPORTING,10/28/2022,1582011,753588,113.042,53.847,717614,51.277,"AstraZeneca - Vaxzevria,Beijing CNBG - BBIBP-CorV,Janssen - Ad26.COV 2-S,Pfizer BioNTech - Comirnaty,SII - Covishield",2/17/2021,5,169016,12.077
Tunisia,TUN,EMRO,REPORTING,11/1/2022,13154159,7209983,111.3,61.005,6384739,54.023,"AstraZeneca - Vaxzevria,Beijing CNBG - BBIBP-CorV,Bharat - Covaxin,CanSino - Convidecia,Gamaleya - Gam-Covid-Vac,Gamaleya - Sputnik-Light,Janssen - Ad26.COV 2-S,Moderna - Spikevax,Pfizer BioNTech - Comirnaty,Sinovac - CoronaVac",3/13/2021,10,1250615,10.582
Turkey,TUR,EURO,OWID,10/31/2022,152405372,57932853,,69.669,53167127,63.937,"Pfizer BioNTech - Comirnaty, Sinovac - CoronaVac, Turkovac",,3,,
Turkmenistan,TKM,EURO,REPORTING,9/4/2022,13514000,3728000,224.1,61.812,3689000,61.165,"Anhui ZL - Zifivax,AstraZeneca - Vaxzevria,Beijing CNBG - BBIBP-CorV,Gamaleya - Gam-Covid-Vac,RIBSP - QazVac,SRCVB - EpiVacCorona,Unknown Vaccine",2/24/2021,7,3340000,55.379
Turks and Caicos Islands,TCA,AMRO,REPORTING,10/28/2022,72837,32338,188.122,83.522,30288,78.227,Pfizer BioNTech - Comirnaty,1/11/2021,1,7272,18.782
Tuvalu,TUV,WPRO,REPORTING,8/31/2022,25591,9603,217.02,81.437,9322,79.054,AstraZeneca - Vaxzevria,4/13/2021,1,5528,46.879
Uganda,UGA,AFRO,REPORTING,10/9/2022,25783131,18867075,56.368,41.248,12765601,27.908,"Janssen - Ad26.COV 2-S,Moderna - Spikevax,Pfizer BioNTech - Comirnaty,SII - Covishield,Sinovac - CoronaVac",3/10/2021,5,431349,0.943
Ukraine,UKR,EURO,REPORTING,2/27/2022,31668577,15774300,72.4,36.069,15153577,34.65,"AstraZeneca - Vaxzevria,Janssen - Ad26.COV 2-S,Moderna - Spikevax,Pfizer BioNTech - Comirnaty,SII - Covishield,Sinovac - CoronaVac",2/24/2021,6,741197,1.695
United Arab Emirates,ARE,EMRO,REPORTING,7/6/2022,24922054,9991089,251.982,101.018,9792266,99.008,"AstraZeneca - Vaxzevria,Beijing CNBG - BBIBP-CorV,Bharat - Covaxin,CanSino - Convidecia,Gamaleya - Gam-Covid-Vac,Gamaleya - Sputnik-Light,Janssen - Ad26.COV 2-S,Moderna - Spikevax,Pfizer BioNTech - Comirnaty,SII - Covishield,Sinovac - CoronaVac",,11,5138699,51.956
United Republic of Tanzania,TZA,AFRO,REPORTING,10/30/2022,31047338,26392125,51.976,44.183,24524930,41.057,"Beijing CNBG - BBIBP-CorV,Janssen - Ad26.COV 2-S,Pfizer BioNTech - Comirnaty",7/28/2021,3,,
United States of America,USA,AMRO,REPORTING,10/28/2022,629073496,262914024,190.051,79.43,224185029,67.729,"Janssen - Ad26.COV 2-S,Moderna - Spikevax,Novavax-NUVAXOVID,Pfizer BioNTech - Comirnaty",12/14/2020,4,110125673,33.27
Uruguay,URY,AMRO,REPORTING,10/28/2022,8744104,3001907,251.721,86.417,2894080,83.313,"AstraZeneca - Vaxzevria,Pfizer BioNTech - Comirnaty,Sinovac - CoronaVac",2/27/2021,3,2064398,59.429
Uzbekistan,UZB,EURO,REPORTING,10/9/2022,69218586,21037140,206.8,62.855,17201955,51.396,"Anhui ZL - Zifivax,Gamaleya - Gam-Covid-Vac,Gamaleya - Sputnik-Light,Moderna - Spikevax,Pfizer BioNTech - Comirnaty,SII - Covishield,Sinovac - CoronaVac,Unknown Vaccine",4/28/2021,8,14334007,42.827
Vanuatu,VUT,WPRO,REPORTING,8/28/2022,292146,144290,95.117,46.978,131300,42.749,"AstraZeneca - Vaxzevria,Beijing CNBG - BBIBP-CorV,Janssen - Ad26.COV 2-S",6/2/2021,3,16556,5.39
Venezuela (Bolivarian Republic of),VEN,AMRO,REPORTING,10/28/2022,37860994,22157232,133.145,77.92,14287370,50.244,"Beijing CNBG - BBIBP-CorV,CIGB - CIGB-66,Finlay - Soberana-02,Gamaleya - Gam-Covid-Vac,Gamaleya - Sputnik-Light,Sinovac - CoronaVac",2/22/2021,6,651502,2.291
Viet Nam,VNM,WPRO,REPORTING,10/20/2022,261059430,90044496,268.197,92.506,84433722,86.742,"AstraZeneca - Vaxzevria,Beijing CNBG - BBIBP-CorV,CIGB - CIGB-66,Gamaleya - Gam-Covid-Vac,Moderna - Spikevax,Pfizer BioNTech - Comirnaty",3/8/2021,6,56250109,57.788
Wallis and Futuna,WLF,WPRO,REPORTING,7/26/2022,16782,6592,149.226,58.616,6989,62.147,Moderna - Spikevax,3/19/2021,1,3201,28.463
Yemen,YEM,EMRO,REPORTING,10/30/2022,1145868,914722,3.842,3.067,676019,2.267,"AstraZeneca - Vaxzevria,Beijing CNBG - BBIBP-CorV,Bharat - Covaxin,CanSino - Convidecia,Gamaleya - Gam-Covid-Vac,Gamaleya - Sputnik-Light,Janssen - Ad26.COV 2-S,Moderna - Spikevax,Pfizer BioNTech - Comirnaty,SII - Covishield,Sinovac - CoronaVac",4/20/2021,11,54985,0.184
Zambia,ZMB,AFRO,REPORTING,10/30/2022,13055448,10611599,71.015,57.722,8143760,44.298,"Beijing CNBG - BBIBP-CorV,Janssen - Ad26.COV 2-S,SII - Covishield",4/14/2021,3,967569,5.263
Zimbabwe,ZWE,AFRO,REPORTING,10/16/2022,12622764,6542794,84.928,44.021,4902925,32.988,"Beijing CNBG - BBIBP-CorV,Bharat - Covaxin,Gamaleya - Gam-Covid-Vac,Sinovac - CoronaVac",2/18/2021,4,1177045,7.919
